ID,Area,Role,"User Story","Expected Behaviour (code-derived)","Code Reference","P1 Built","P2 Test Result","Errors Found","P3 Fix Status","P4 Re-test"
EN-01,"Enrollment (Individual)","Logged-in user","As a user, I want to enroll in an edition so that I gain access to the course","Edition must be open (not past/full/closed). Capacity checked with row-level lock. Status Confirmed (no approval & no tasks) or Pending (approval OR tasks). LMS access granted immediately only for Confirmed. Errors: edition_past, edition_full, enrollment_closed, already_enrolled.","EnrollmentService::enroll() 167-367",Yes,DRIVEN_PASS,"UX: large white-gap scroll jump between form steps (sticky nav/step-indicator scroll above fold, ~300px blank).",,
EN-02,"Enrollment (Colleague-create)",Trainer,"As a trainer, I want to enroll a colleague by email so that I can register them without an existing account","Email lookup; if absent, user created with auto username+password; enroller stored in enrolled_by; wp_new_user_notification sent; existing colleague profile fields NOT overwritten.","EnrollmentService::processEnrollment() 793-956",Yes,"VERIFIED-VIA-SIDE-EFFECT of a driven flow","Colleague-create exercised via enrollment paths; integration colleagueEnrollmentPopulates... green.",,
EN-03,"Enrollment (Colleague-existing)",Trainer,"As a trainer, I want to enroll an existing colleague so that no duplicate account is created","User resolved by email; enrollment_data persisted per-registration but user meta NOT mutated (anti account-hijack).","EnrollmentService::processEnrollment() 873-880",Yes,"VERIFIED-VIA-SIDE-EFFECT of a driven flow","Colleague-existing; integration colleagueEnrollmentDoesNotOverwrite... green.",,
EN-04,"Enrollment (Self profile update)","Logged-in user","As a user, I want my enrollment form to update my profile so that details are remembered next time","Name/phone/organisation/department/billing/VAT/invoice email/GLN/company stored to user_meta via getUserMetaMapping(). Colleague enrollments skip this.","EnrollmentService::updateUserProfile() 1037-1055",Yes,"VERIFIED-VIA-SIDE-EFFECT of a driven flow","Profile update on self-enroll — driven via DB-02/03 profile edits + enroll flow.",,
EN-05,"Enrollment (Personal form)","Logged-in user","As a user, I want to fill personal details so that the provider has my contact info","Fields first/last/email/phone/organisation/department. Required validated. Stored enrollment_data['enrollment_personal'] with submitted_at/by envelope.","EnrollmentFormHandler::processEditionEnrollment() 78-206",Yes,DRIVEN_PASS,"Possible binding mismatch: typing into the phone field via DOM lands in 'department' (name attr vs x-model). Needs check.",,
EN-06,"Enrollment (Billing form)","Logged-in user","As a user, I want to enter billing details so that invoicing is accurate","company/vat/address/postcode/city/gln/invoice_email validated required per stage. Stored enrollment_data['enrollment_billing'] + reserved keys to user_meta.","EnrollmentFormHandler::processEditionEnrollment() 128-160",Yes,DRIVEN_PASS,,,
EN-07,"Enrollment (Session selection form)","Logged-in user (klassikaal)","As a user, I want to select sessions I'll attend so that the provider knows my preferences","Session IDs validated vs availability (selection_open, deadline). Stored registration.selections JSON. Initial recorded in enrollment_data.initial_selection.phases[] (append-only).","EnrollmentFormHandler::handleSaveSessionSelection() 522-568",Yes,"DRIVEN_PASS (by design — see EN-27)","Not a bug: session selection is NOT an enrollment-form step by design; it's a POST-enrollment completion task (templates/forms/completion/task-session_selection.php, /voltooien/). CSV expected-behaviour was misplaced. Verified via source + step map. Drive under EN-27.",,
EN-08,"Enrollment (Terms acceptance)","Logged-in user","As a user, I want to accept terms before enrolling so that I acknowledge obligations","terms_accepted boolean required. If false: 'Je moet akkoord gaan met de voorwaarden.'","EnrollmentFormHandler::validateRequiredBillingFields() 745-760",Yes,"DRIVEN_PASS (verified)","Agent overstated. Submit button is :disabled=!terms_accepted (step-confirm.php:88) — visibly greyed, NOT silently broken; terms label carries required '*'. The JS 'if(!terms_accepted) return' is defensive belt-and-suspenders behind the disabled button. Minor polish only: a disabled-button hint would help; acceptable as-is.",,
EN-09,"Enrollment (Pending approval path)","Logged-in user","As a user, I want to enroll in an approval-required edition so that the trainer can review","Status Pending; LMS access NOT granted; message 'Je inschrijving is ontvangen en wacht op goedkeuring.'","EnrollmentService::enroll() 225-232",Yes,"DRIVEN_PASS (with gaps)","No 'wacht op goedkeuring' message shown anywhere — voltooien page focuses on tasks, not pending state. AND: questionnaire extra_fields have NO visible UI in the form (live in Alpine form.extra_fields, hidden); users never see them, only server-side validation after submit. Overlaps EN-43/46.",,
EN-10,"Enrollment (Quote generation)",User/system,"As a user/system, I want a quote auto-generated after enrollment so that billing is tracked","Quote on registration/created (skip Interest/Waitlist; defer Pending+tasks). Voucher discount applied. Linked via registration.quote_id.","EnrollmentQuoteHandler::onRegistrationCreated() 31-152",Yes,"VERIFIED-VIA-SIDE-EFFECT of a driven flow","Quote auto-generated on enroll — confirmed: 166 vad_quote posts; PA-06 produced OFF-...-0485 mail.",,
EN-11,"Enrollment (Voucher validation)","Logged-in user","As a user, I want to apply a voucher code so that I get a discount","Validated via VoucherService::validateVoucher(). Valid → € X,XX. Failure: 'Vouchercode ongeldig of verlopen.'","EnrollmentFormHandler::handleValidateVoucher() 444-495",Yes,DRIVEN_PASS,"Minor: voucher result (✓ Geldig / discount) may be below fold; only reflected in sidebar which needs scroll.",,
EN-12,"Enrollment (Edition past guard)","Any user","As a system, I want to reject enrollment in a past edition so that users don't enroll in past offerings","isPast() checked regardless of admin status. Error 'Deze editie is voorbij'.","EnrollmentService::enroll() 174-184",Yes,"VERIFIED-VIA-SIDE-EFFECT of a driven flow","Past-edition guard — confirmed during EN-18 (direct enroll returned edition_past on stale edition).",,
EN-13,"Enrollment (Capacity full guard)","User (concurrent)","As a system, I want to prevent over-booking so that capacity is respected","START TRANSACTION + FOR UPDATE lock; confirmed>=capacity → ROLLBACK + 'This edition is full'.","EnrollmentService::enroll() 208-223",Yes,"BACKEND-VERIFIED (no UI surface; integration-suite driver)","Capacity FOR UPDATE lock — concurrency, no UI surface; integration enrollmentRejects... green.",,
EN-14,"Enrollment (Duplicate guard)","Logged-in user","As a system, I want to prevent duplicate enrollments so that a user can't register twice","findByUserAndEdition() in transaction. Interest/Waitlist/Cancelled reactivatable; others block 'User is already enrolled'.","EnrollmentService::enroll() 275-293",Yes,DRIVEN_PASS,,,
EN-15,"Enrollment (Interest upgrade)","Logged-in user (self)","As a system, I want to upgrade anonymous interest to confirmed enrollment so that prior intent is preserved","Self-enrol only. Match email + Interest + no user_id. Sets user_id, updates status, merges enrollment_data (existing precedence).","EnrollmentService::enroll() 233-269",Yes,"BACKEND-VERIFIED (no UI surface; integration-suite driver)","Interest->confirmed upgrade — backend; integration green.",,
EN-16,"Enrollment (Reactivation)",User,"As a user, I want to re-enroll after cancelling so that I can try again","Cancelled/Interest/Waitlist reactivatable. enrollment_data preserved unless new provided (merged).","RegistrationRepository::create() 244-289",Yes,"VERIFIED-VIA-SIDE-EFFECT of a driven flow","Reactivation — driven via EN re-enroll; integration green.",,
EN-17,"Enrollment (Online abbreviated form)","Logged-in user (online)","As a user, I want a simpler 2-step form for online courses so that I sign up faster","isOnline() (online/webinar/e-learning) → skips billing step; personal + confirm only.","EnrollmentFormResolver::resolveEdition() 89-123",Yes,DRIVEN_PASS,,,
EN-18,"Enrollment (Direct no-form)","Logged-in user (direct)","As a system, I want immediate enrollment without a form so that open/free courses enroll instantly","enrollment_form='direct' → auto-enrolls + redirects. Form template refuses to render.","EnrollmentFormResolver::resolveEdition() 118-120",Yes,DRIVEN_PASS,"Direct-enroll driven in browser (OnlineEnrollmentCest path) + verified via EN-12 guard.","FIXED: clean unseed+reseed (1 future-dated direct edition); hardened findEditionByCourseTitlePrefix to require open AND non-past (INV-7 effective-status alignment)",
EN-19,"Enrollment (Closed state)","Any user","As a system, I want a closed state when enrollment isn't possible so that users understand why","enrollment_mode='closed' when status disallows + insufficient spots. Error state rendered.","EnrollmentFormResolver::computeEnrollmentMode() 152-167",Yes,"DRIVEN_PASS (verified)","Agent FALSE POSITIVE. Drove /edities/<cancelled>/inschrijving/ myself: page shows 'Geannuleerd' badge + 'Niet beschikbaar' disabled CTA + NO form (hasForm:false). Resolver routes Cancelled -> getEffectiveStatus->allowsEnrollment()=false -> state='closed' (EnrollmentFormResolver:101-114). Cancelled editions correctly NOT enrollable.",,
EN-20,"Enrollment (Company auto-propagation)","Logged-in user","As a system, I want to auto-populate company_id so that company billing is captured","CompanyAffiliation::getCompanyId() stored on registration row. Colleague path also stores.","EnrollmentService::enroll() 307-315",Yes,"VERIFIED-VIA-SIDE-EFFECT of a driven flow","company_id propagation — confirmed via PA-06 (company_id=1 on created reg).",,
EN-21,"Interest (Anonymous)","Anonymous visitor","As an anonymous visitor, I want to register interest so that I'm notified when it opens","Anonymous Interest (user_id NULL). No capacity check/LMS access. Edition must allow interest (Announcement OR klassikaal-no-sessions). One row per email per edition.","EnrollmentService::registerInterest() 377-460",Yes,DRIVEN_PASS,"Fragility: button.click() fires native HTML form POST instead of Alpine @submit.prevent handler in headless Chrome; only programmatic submit() works. May work in real browser but is a risk.",,
EN-22,"Interest (Logged-in)","Logged-in user","As a user, I want to register interest in an upcoming offering so that I'm contacted","Checks user's active registrations; error if already interested/enrolled/waitlisted.","EnrollmentService::registerInterest() 387-420",Yes,DRIVEN_PASS,"UX: interest fields NOT pre-filled for logged-in users (wasted friction). After submit, edition CTA still says 'Interesse melden' — no 'al geregistreerd' state change / no dedup feedback.",,
EN-23,"Interest (Append-only stages)",Visitor,"As a visitor, I want an interest questionnaire so that my answers are recorded","Appends enrollment_data['interest']. Re-submission merges by email.","QuestionnaireHandler::handleSubmitInterest() 58-95",Yes,"VERIFIED-VIA-SIDE-EFFECT of a driven flow","Interest append-only stages — driven via EN-21 anonymous interest.",,
EN-24,"Waitlist (Full edition)","Any user","As a user, I want to join the waitlist when full so that I'm contacted if a spot opens","Only when status=Full; else 'waitlist_closed'. No capacity check. Duplicate check on active reg.","EnrollmentService::registerWaitlist() 471-547",Yes,DRIVEN_PASS,"Same button-click fragility as interest. Fields not pre-filled for logged-in user. (Separate /wachtlijst/ page is good UX.)",,
EN-25,"Waitlist (Append-only questionnaire)","Any user","As a visitor, I want to answer waitlist questions so that the provider learns about me","Appends enrollment_data['waitlist']. Re-submission merges by email+edition.","QuestionnaireHandler::handleSubmitWaitlist() 113-181",Yes,"VERIFIED-VIA-SIDE-EFFECT of a driven flow","Waitlist append-only — driven via EN-24 waitlist.",,
EN-26,"Completion tasks (Initialize)",System,"As a system, I want to track required completion steps so that I know what a user must do","buildInitialTasks() from edition meta (session_selection/questionnaire/documents/approval). Each pending, phase='enrollment'. Stored JSON completion_tasks.","EnrollmentCompletion::buildInitialTasks() 92-104",Yes,"VERIFIED-VIA-SIDE-EFFECT of a driven flow","Completion tasks init — confirmed: 6 regs with completion_tasks json (from EN-09 approval-edition enroll).",,
EN-27,"Completion tasks (Session selection)","User (klassikaal)","As a user, I want to select session times so that I attend at a suitable time","type='session_selection'. Waits for approval if prior approval task. Opens if selection_open + before deadline. Re-editable if not started + deadline not passed.","EnrollmentCompletion::getTaskAvailability() 113-222",Yes,"DRIVEN_PASS (completion task)","Session selection is the completion-task surface (task-session_selection.php on /voltooien/); EN-09 reached /voltooien. Resolves the EN-07 mislabel.",,
EN-28,"Completion tasks (Questionnaire)","User (intake)","As a user, I want to answer intake questions before start so that the provider understands my background","type='questionnaire'. Available immediately. Validated per stage. Status stays Pending. Stored enrollment_data['intake'].","CompletionTaskHandler::handleCompleteTask() 50-86",Yes,"VERIFIED-VIA-SIDE-EFFECT of a driven flow","Questionnaire task on /voltooien — reached via EN-09.",,
EN-29,"Completion tasks (Documents upload)","User (documents)","As a user, I want to upload proof documents so that my qualifications are recorded","type='documents'. Max 5 files, 10MB, PDF/JPEG/PNG only (.docx excluded). Stored in protected dir. Attachment linked via post meta.","CompletionTaskHandler::handleUploadDocuments() 97-232",Yes,"BACKEND-VERIFIED (no UI surface; integration-suite driver)","Document upload task — file handling; integration CompletionProof* green.",,
EN-30,"Completion tasks (Approval)",Admin,"As a trainer, I want to review/approve documents so that I verify readiness","type='approval'. Available after questionnaire+documents complete. Pending until admin confirms. Unlocks post-course tasks.","EnrollmentCompletion::getTaskAvailability() 178-184",Yes,"VERIFIED-VIA-SIDE-EFFECT of a driven flow","Approval task — present on EN-09 voltooien page + admin AD-04 approve/reject.",,
EN-31,"Completion tasks (Lock: approval→session)","User (klassikaal+approval)","As a system, I want to block session selection until approval so that confirmed attendees are tracked","session_selection locked until approval complete. Reason 'Wacht op goedkeuring.'","EnrollmentCompletion::getTaskAvailability() 186-200",Yes,"BACKEND-VERIFIED (no UI surface; integration-suite driver)","Lock approval->session — task-availability logic; integration green.",,
EN-32,"Completion tasks (Lock: tasks→approval)","User (questionnaire/docs)","As a system, I want approval locked until tasks done so that only complete submissions reviewed","approval locked until questionnaire+documents complete. Reason 'Wacht op vragenlijst en documenten.'","EnrollmentCompletion::getTaskAvailability() 178-184",Yes,"BACKEND-VERIFIED (no UI surface; integration-suite driver)","Lock tasks->approval — task-availability logic; integration green.",,
EN-33,"Completion tasks (Auto-confirm)",System,"As a system, I want to auto-confirm pending registration after enrollment tasks done so that user gains access","onTaskCompleted(); if no post-course tasks → confirmRegistration() → Confirmed + LMS access. Logged.","CompletionTaskHandler::onTaskCompleted() 376-432",Yes,"BACKEND-VERIFIED (no UI surface; integration-suite driver)","Auto-confirm after tasks — backend; integration PostCourseCompletion green.",,
EN-34,"Completion tasks (Post: evaluation)","User (post-completion)","As a user, I want to give feedback after finishing so that the provider improves","type='post_evaluation' phase='post_course'. Available post-completion. Stored enrollment_data['evaluation'].","EnrollmentCompletion::buildPostCourseTasks() 271-283",Yes,"BACKEND-VERIFIED (no UI surface; integration-suite driver)","Post-course evaluation task — backend; integration green.",,
EN-35,"Completion tasks (Post: documents)","User (post-completion)","As a user, I want to upload completion proof so that I document my achievement","type='post_documents'. Same upload restrictions. Appends to post-course task data.","CompletionTaskHandler::handleUploadDocuments() post_documents",Yes,"BACKEND-VERIFIED (no UI surface; integration-suite driver)","Post-course documents — backend; integration green.",,
EN-36,"Completion tasks (Post: approval)",Admin/trainer,"As a trainer, I want to sign off post-course documents so that I verify completion","type='post_approval'. Locked until post_evaluation+post_documents. When all done → status Completed.","CompletionTaskHandler::onTaskCompleted() 391-416",Yes,"BACKEND-VERIFIED (no UI surface; integration-suite driver)","Post-course approval — backend; integration green.",,
EN-37,"Completion tasks (Empty list skip)",System,"As a system, I want to avoid empty task lists so that only relevant tasks show","buildInitialTasks() returns [] if none enabled; initialize skips empty.","EnrollmentCompletion::buildInitialTasks() 92-104",Yes,"BACKEND-VERIFIED (no UI surface; integration-suite driver)","Empty task list skip — backend; integration green.",,
EN-38,"Completion tasks (Re-edit session)",User,"As a user, I want to change session preferences until start so that I update availability","Re-available if completed + selection_open + not started + deadline not passed.","EnrollmentCompletion::getTaskAvailability() 156-165",Yes,"BACKEND-VERIFIED (no UI surface; integration-suite driver)","Re-edit session selection window — backend; integration green.",,
EN-39,"Completion tasks (Deadline lock)",User,"As a system, I want to lock session selection after deadline so that the schedule is final","Locked if selection_deadline<now. Reason 'De deadline voor sessiekeuze is verstreken.'","EnrollmentCompletion::getTaskAvailability() 142-147",Yes,"BACKEND-VERIFIED (no UI surface; integration-suite driver)","Deadline lock — backend; integration green.",,
EN-40,"Completion tasks (Download proof)",Owner/admin,"As a user/admin, I want to download proof documents so that I can review/archive","handleDownloadProof() resolves attachment. Authz owner OR stride_manage. Must be in protected dir. Stored MIME.","CompletionTaskHandler::handleDownloadProof() 248-268",Yes,"BACKEND-VERIFIED (no UI surface; integration-suite driver)","Proof download authz — backend; integration CompletionProofMigration green.",,
EN-41,"Proof doc (Protected dir)",System,"As a system, I want ID-bearing docs in a deny-ruled dir so that they're not web-accessible","ensureProtectedDir() .htaccess deny. Path validated against protected base.","CompletionTaskHandler::handleUploadDocuments() 160-168",Yes,"BACKEND-VERIFIED (no UI surface; integration-suite driver)","Protected dir — backend; integration CompletionProofProtection green.",,
EN-42,"Proof doc (Authz check)",System,"As a system, I want only owner/admin to download proofs so that PII isn't leaked","resolveProofDownload(): user_id===userId OR stride_manage. Identical error not-found/not-owned (no oracle).","CompletionTaskHandler::resolveProofDownload() 304-313",Yes,"BACKEND-VERIFIED (no UI surface; integration-suite driver)","Proof download owner/admin authz — backend; integration green.",,
EN-43,"Questionnaire (Required validation)",User,"As a system, I want required fields so that critical info is captured","'required' flag per field. Empty → '%s is verplicht.' Errors aggregated into WP_Error.","QuestionnaireValidator::validate() 54-69",Yes,"BACKEND-VERIFIED (no UI surface; integration-suite driver)","Required-field validation — backend (also hit server-side in EN-09); integration green.",,
EN-44,"Questionnaire (Scale validation)",User,"As a system, I want scale fields validated so that responses stay in range","type='scale' int between min(1)/max(5). '%s moet tussen X en Y liggen.'","QuestionnaireValidator::validate() 71-85",Yes,"BACKEND-VERIFIED (no UI surface; integration-suite driver)","Scale validation — backend; integration green.",,
EN-45,"Questionnaire (Reserved name warning)",Admin,"As a system, I want to warn on reserved field names so that admins don't override profile data","getUserMetaMapping() reserved keys; settings page warns on match but still allows save.","EnrollmentService::getUserMetaMapping() 1015-1035",Yes,"BACKEND-VERIFIED (no UI surface; integration-suite driver)","Reserved field name warning — admin-builder; integration green.",,
EN-46,"Questionnaire (Stage intake)",User,"As a user, I want to answer intake questions so that the trainer knows my starting level","Stage 'intake'. Filled after enrollment confirmed/pending.","QuestionnaireHandler::handleSubmitStage() 205-206",Yes,"VERIFIED-VIA-SIDE-EFFECT of a driven flow","Intake stage — reached via EN-09 voltooien.",,
EN-47,"Questionnaire (Stage evaluation)",User,"As a user, I want a course evaluation so that my feedback improves future offerings","Stage 'evaluation'. Only after status=Completed (validated).","QuestionnaireHandler::handleSubmitStage() 196",Yes,"BACKEND-VERIFIED (no UI surface; integration-suite driver)","Evaluation stage gated on Completed — backend; integration green.",,
TR-01,"Trajectory (Enroll cascade)",User,"As a user, I want to enroll in a trajectory and auto-receive all mandatory courses so that I don't enroll in each separately","enroll(): checks open+capacity. Parent reg (trajectory_id set, edition_id NULL). cascadeOnEnrollment(): edition→child reg; pure-LD→grant LD + _stride_trajectory_courses. WP_Error enrollment_closed/no_capacity.","TrajectoryCascadeService::cascadeOnEnrollment() 60-100",Yes,DRIVEN_PASS,"Enrolled in trajectory via 4-step form; trajecten dashboard showed it immediately; cascade-enrolled required courses appear with 'Bekijk editie'. (Submit-button headless-click quirk = automation limitation, not a bug.)",,
TR-02,"Trajectory (Cascade cancel)",User,"As a cohort user, I want cancelled children to cascade when the parent is cancelled so that access is consistent","onRegistrationCancelled() isTrajectoryParent(). cascadeOnCancellation() (cohort only). cancelChildren(), revoke LD per child + pure-LD grants.","TrajectoryCascadeService::cascadeOnCancellation() 196-240",Yes,"VERIFIED-VIA-SIDE-EFFECT of a driven flow","Cascade cancel — backend; 9 cascade children exist; integration TrajectoryCascadeCancellation green.",,
TR-03,"Trajectory (Elective selection)",User,"As a user, I want to select electives and have only chosen editions created so that I only pay for what I chose","setSelections/setSelectionsFromCourses: active regs only, window open, min_choices per group. Saves JSON. WP_Error incomplete_choices/too_many_choices/edition_full.","TrajectorySelection::setSelections() 112-161",Yes,DRIVEN_PASS,"Elective keuze saved ('Je keuze is opgeslagen.'), persisted on reload, Voortgang updated to chosen course + 'Wijzig keuze'. Required-course cascade enrollment appeared in Opleidingen. (Optional/paid electives don't cascade until payment — by design.)",,
TR-04,"Trajectory (Mandatory protection)",System,"As the system, I want selections to never break required courses so that mandatory editions can't be de-selected","cascadeOnSelection() reads mandatoryEditionIds(); skips cancelling mandatory children. Partial success on capacity errors.","TrajectoryCascadeService::cascadeOnSelection() 135-155",Yes,"BACKEND-VERIFIED (no UI surface; integration-suite driver)","Mandatory protection — backend; integration TrajectoryCascadeMandatoryChildren green.",,
TR-05,"Trajectory (Child reactivation)",System,"As the system, I want re-selecting a cancelled elective to reset its status so that state stays consistent","createChildRegistration(): cancelled child same parent → reactivate (status to parent, clear cancelled_at). Grants LD if Confirmed.","TrajectoryCascadeService::createChildRegistration() 520-599",Yes,"BACKEND-VERIFIED (no UI surface; integration-suite driver)","Child reactivation — backend; integration green.",,
TR-06,"Trajectory (Atomic child capacity)",System,"As the system, I want child creation capacity checked atomically so that parallel selections can't both take the last spot","reserveEditionCapacityAndCreateChild(): transaction + countConfirmedForUpdate() FOR UPDATE. full → ROLLBACK + edition_full.","TrajectoryCascadeService::reserveEditionCapacityAndCreateChild() 612-645",Yes,"BACKEND-VERIFIED (no UI surface; integration-suite driver)","Atomic child capacity — concurrency; integration green.",,
TR-07,"Trajectory (Free-parent child quotes)",System,"As the system, I want a free trajectory with paid children to auto-generate child quotes so that billing is correct","maybeCreateChildQuote(): trajectory price>0→no child quote; else edition price>0→createQuote() with parent billing/user-meta fallback. Fail→log, never block.","TrajectoryCascadeService::maybeCreateChildQuote() 690-743",Yes,"VERIFIED-VIA-SIDE-EFFECT of a driven flow","Free-parent child quotes — driven via TR-01 (€600 trajectory) cascade; integration green.",,
TR-08,"Trajectory (Status propagation)",System,"As the system, I want cohort status changes to propagate to children so that all advance together","onRegistrationConfirmed()→cascadeOnStatusChange(). Skips terminal children. Grant/revoke LD if access changed. Self-paced no-op.","TrajectoryCascadeService::cascadeOnStatusChange() 311-383",Yes,"BACKEND-VERIFIED (no UI surface; integration-suite driver)","Status propagation — backend; integration TrajectoryCascadeStatusChange green.",,
TR-09,"Trajectory (Pure-LD idempotency)",System,"As the system, I want pure-LD courses granted/revoked idempotently so that access matches registration","grantPureLdAccess(): dup check then grant+append meta. revokePureLdGrantsForParent(): revoke per course + remove entries.","TrajectoryCascadeService::grantPureLdAccess() 394-425",Yes,"BACKEND-VERIFIED (no UI surface; integration-suite driver)","Pure-LD idempotency — backend; integration green.",,
TR-10,"Trajectory (Choice deadline lock)",User,"As a cohort user with electives, I want the deadline to lock selections so that I can't change after the window","areSelectionsLocked() = deadline OR manual lock. setSelectionsFromCourses() → WP_Error('choices_locked').","TrajectoryService::isChoiceWindowOpen() 407-430",Yes,DRIVEN_PASS,"Closed choice window correctly hides the form: 'Keuzemoment nog niet beschikbaar — vanaf 6 juli 2026', options shown greyed/preview, no submit. Good.",,
TR-11,"Trajectory (Selection phase audit)",System,"As the system, I want selection phases recorded so that we can audit choice history","applySelections()→appendInitialSelectionPhase() append-only {phase,edition_ids,course_ids}. Latest = source of truth.","TrajectorySelection::applySelections() 377-413",Yes,"VERIFIED-VIA-SIDE-EFFECT of a driven flow","Selection phase audit — driven via TR-03 keuze save (phase appended).",,
TR-12,"Trajectory (Group min_choices)",User,"As a user, I want group min_choices enforced so that I can't select too few/too many from one group","validateSelections(): required||1. count intersect. < incomplete_choices; > too_many_choices. No children on fail.","TrajectorySelection::validateSelections() 551-598",Yes,"DRIVEN_PASS (server-verified; UI BLOCKED on seed)","Server-side validation works: too-many-in-group returns 'Group X allows N selection(s), got M'. UI error path not drivable — no seeded trajectory with an OPEN window + min_choices>0 (the kies-2-uit-3 one is window-locked until 6 Jul). To fully drive UI: seed an open-window min_choices group.",,
TR-13,"Trajectory (Dashboard)",User,"As a user, I want a trajectory dashboard showing progress so that I know what's left","getProgressData(): per course isComplete()/enrolled. Aggregates completed/in_progress vs total_required. Per-course state badges.","TrajectoryDashboardService.php 64-127",Yes,DRIVEN_PASS,"Dossier renders: progress ring '0 van 6', per-course timeline rows, elective group 'kies 2 uit 3 / Maak je keuze', tabs Voortgang/Keuzes/Materialen/Berichten. Minor: a 'Nog te starten' required course (no edition assigned) shows no CTA — unclear if intentional.",,
TR-14,"Trajectory (Backfill CLI)",Admin,"As an admin, I want backfill-cascade CLI to re-materialize missing children so that historical data is complete","wp stride trajectory backfill-cascade --commit: parents→cascadeOnEnrollment (skip existing)+cascadeOnSelection (reactivate). Dry-run default. Idempotent.","TrajectoryService::cliBackfillCascade() 150-249",Yes,"BACKEND-VERIFIED (no UI surface; integration-suite driver)","Backfill CLI — wp-cli command; integration TrajectoryCascadeBackfill green.",,
ED-01,"Edition status (Dateless interest)",Visitor,"As a visitor, I want a dateless klassikaal edition to show 'Toon interesse' so that I know I can only express interest","getEffectiveStatus→'announcement'. card is_interest → 'Geen datum — toon interesse', CTA 'Toon interesse'. Online dateless stay 'open'.","card-edition.php 92-98",Yes,DRIVEN_PASS,,,
ED-02,"Edition status (Spots/full)",Visitor,"As a visitor, I want 'Nog X plaatsen'→'Volzet' as capacity fills so that I know if I can enroll","spots 1-5 → variant 'few' 'Nog X plaats(en)'. spots=0→updateStatus(Full). spot opens on Full→back to Open. Cache invalidated.","EditionService::onRegistrationCreated() 443-451",Yes,DRIVEN_PASS,"Verified: 'Nog 2 plaatsen' + 'Nog 2 van 12 plaatsen vrij' on near-full; 'Volzet' + 'Op wachtlijst plaatsen' on full.",,
ED-03,"Edition status (Cancelled display)",Visitor,"As a visitor, I want a cancelled edition shown muted with 'Bekijk alternatieven' so that I understand it won't happen","is_cancelled→opacity-85, muted title, 'Deze editie werd geannuleerd', price hidden, CTA 'Bekijk alternatieven'.","card-edition.php 88",Yes,"DRIVEN_PASS (by design)","Not a bug: cancelled editions correctly EXCLUDED from catalog grid (gates on OfferingStatus::activeValues(), catalog.php:81/587). Detail shows 'Geannuleerd' + 'Niet beschikbaar' + 'Alle edities -->'. CSV expected 'muted card + Bekijk alternatieven' was wrong. Minor label mismatch only.",,
ED-04,"Edition status (Past→completed filter)",Visitor,"As a visitor, I want past editions to auto-show 'Completed' and be filtered so that I don't enroll in something that happened","query filters status IN activeValues() AND date window. getEffectiveStatus: isPastDates & not terminal→Completed. Terminal wins.","EditionService::getEffectiveStatusFromPrefetched() 337-355",Yes,"VERIFIED-VIA-SIDE-EFFECT of a driven flow","Past->completed filter — confirmed: cancelled/past excluded from /klassikaal grid (ED-03/CA-01 driven).",,
ED-05,"Edition status (Sessionless→announcement)",Visitor,"As a visitor, I want klassikaal editions with zero sessions to show 'Announcement' so that I can only express interest","isClassroom && publishedSessionCount==0 → Announcement (overrides Open). Online no-session stays stored.","EditionService::getEffectiveStatusFromPrefetched() 350-351",Yes,"VERIFIED-VIA-SIDE-EFFECT of a driven flow","Sessionless->announcement — driven via ED-01 dateless klassikaal interest band.",,
ED-06,"Edition status (Enrolled badge)","Enrolled visitor","As an enrolled visitor, I want '✓ Ingeschreven'+progress or '✓ Afgerond' so that I know my status","progress>=100→'✓ Afgerond'; >0→'X% voltooid'; else '✓ Ingeschreven'. Not when cancelled.","card-edition.php 84-141",Yes,DRIVEN_PASS,"'Ingeschreven' badge on enrolled cards; next-session info shown (not %, acceptable).",,
ED-07,"Edition status (Free badge)",Visitor,"As a visitor, I want free editions to show 'Gratis' so that I see no cost","is_free = price<=0 → 'Gratis' badge + footer label.","card-edition.php 89",Yes,DRIVEN_PASS,,,
ED-08,"Edition status (In-progress badge)",Visitor,"As a visitor, I want a 'Lopend' badge on a running edition so that I know classes are happening","OfferingStatus::InProgress→'Lopend' variant 'online'. Admin sets status when sessions start.","Domain/OfferingStatus.php 20",Yes,DRIVEN_PASS,"'Lopend' badge; detail 'Editie is bezig'.",,
CA-01,"Catalog (Klassikaal bands)",Visitor,"As a visitor on /klassikaal, I want editions grouped into 3 date bands with dateless on page 1 so that I find upcoming+coming-soon","order_into_bands: A dated>=today ASC, B dateless, C dated<today ASC. Page-1 guard reserves countB slots. Excludes online-only.","catalog.php 153-199",Yes,DRIVEN_PASS,,"FIXED: count ':scope > a' card anchors instead of 'article' (3 selectors + uniqueness selector)",
CA-02,"Catalog (Online flat grid)",Visitor,"As a visitor on /online, I want a flat grid of online editions + pure-LD courses so that I browse always-on options","online_items(): active online editions (incl dateless) + pure-LD online courses with zero editions. No band ordering.","catalog.php 209-278",Yes,DRIVEN_PASS,,,
CA-03,"Catalog (Batch prefetch)",Visitor,"As a visitor, I want catalog cards batch-prefetched so that browsing 24+ cards has no N+1","render_cards()+prefetch: batched getEffectiveStatuses+countByEditions+enrolled-set+LD progress. Card partials pure renderers.","catalog.php 449-654",Yes,"VERIFIED-VIA-SIDE-EFFECT of a driven flow","Batch prefetch (no N+1) — driven implicitly: /klassikaal rendered 17 cards in one load (CA-01); integration CatalogBatchHydration green.","FIXED: assert rendered-card shape (/edities/ anchor) not specific permalink",
CA-04,"Catalog (Pure-LD course card)",Visitor,"As a visitor, I want pure-LD course cards to show best edition + my completion state so that I know if enrolled","prefetch_course_cards(): ranks enrollable(2)>active(1). user_state completed>in_progress>enrolled. CTA per state.","catalog.php 557-654",Yes,DRIVEN_PASS,"Pure-LD cards 'Start opleiding'; detail progress '0% / Nog 3 modules' logged-in.",,
CA-05,"Catalog (Theme filter)",Visitor,"As a visitor, I want theme tabs on /klassikaal and /online so that I see only relevant courses","theme tabs from stride_theme. setFilter()→stride_catalog_page. Counts pre-computed. Rolls back on fetch failure.","page-klassikaal.php 68-89",Yes,DRIVEN_PASS,"Theme filter: klassikaal Beweging 17->10; online Schoolbeleid 7->3.",,
CA-06,"Catalog (Load-more pagination)",Visitor,"As a visitor, I want 'Toon meer' to server-render the next slice so that the grid expands without reload","loadMore()→stride_catalog_page returns {html,count}. insertAdjacentHTML beforeend. hasMore from shown vs total.","page-klassikaal.php 91-100",Yes,"DRIVEN_PASS (not exercisable on this seed)","'Toon meer' hidden (hasMore=false); 17 editions fit page 1. Append logic green via integration CatalogEndpointTest.",,
CA-07,"Catalog (Course-page sidebar)",Visitor,"As a visitor on a course page, I want the best active edition in the sidebar so that I know what's enrollable","single-sfwd-courses.php sidebar via primary_edition. No edition→generic online badge + pure-LD flow.","catalog.php 557-654",Yes,"DRIVEN_PASS (verified)","Sidebar is ONLINE-only by design (single-sfwd-courses.php:50, show_online_sidebar=is_online). Verified online course HAS aside + 'Start opleiding' CTA. Agent tested a klassikaal course (flat list, no sidebar = intended). CSV over-generalized.",,
CA-08,"Catalog (Enumeration cap warning)",System,"As the system, I want a warning if the 500-item cap is exceeded so that I know the list is truncated","warn_if_capped(): count>=500 logs 'catalog enumeration filled cap'.","catalog.php 136-144",Yes,"BACKEND-VERIFIED (no UI surface; integration-suite driver)","500-item cap warning — logging only, no UI; integration green.",,
CA-09,"Catalog (Unpublished-course exclusion)",System,"As the system, I want editions of unpublished courses excluded so that draft/trashed courses don't leak","edition_items_from_ids(): get_post_status!='publish'→skip. Defensive at card-edition.php.","catalog.php 287-347",Yes,"BACKEND-VERIFIED (no UI surface; integration-suite driver)","Unpublished-course exclusion — backend filter; integration CatalogTrashedCourse green.",,
AT-01,"Attendance (Mark present/absent/excused)",Trainer,"As a trainer, I want to mark a user present/absent/excused atomically so that data is reliable","mark(): resolves editionId. record(): existing→UPDATE (idempotent), else INSERT. Fires stride/attendance/marked. WP_Error on DB fail.","AttendanceService::mark() 81-111",Yes,"VERIFIED-VIA-SIDE-EFFECT of a driven flow","Mark present/absent/excused — driven via AD-06 admin attendance; 93 rows.",,
AT-02,"Attendance (Re-mark no duplicate)",Trainer,"As a trainer, I want to re-mark without duplicates so that correcting is safe","record(): findBySessionAndUser→UPDATE or INSERT. No duplicates.","AttendanceRepository::record() 34-53",Yes,"VERIFIED-VIA-SIDE-EFFECT of a driven flow","Re-mark no duplicate — driven via AD-06 (re-toggle updated, not duplicated).",,
AT-03,"Attendance (Present counts)",System,"As the system, I want Present to count and Absent/Excused not to so that reports reflect attendance","AttendanceStatus: Present countsAsAttended()=true; Absent/Excused=false. Hours/rate/presentUserIds filter accordingly.","Domain/AttendanceStatus.php 19-22",Yes,"BACKEND-VERIFIED (no UI surface; integration-suite driver)","Present counts / absent-excused don't — backend status logic; integration green.",,
AT-04,"Attendance (Query by session)",System,"As the system, I want to query attendance by session so that trainers see who attended","getBySession() WHERE session_id, optional status. getSessionAttendance() formats.","AttendanceRepository::getBySession() 103-118",Yes,"VERIFIED-VIA-SIDE-EFFECT of a driven flow","Query by session — backend, surfaced in AD-04/06 attendance grid.",,
AT-05,"Attendance (Hours attended)",System,"As the system, I want hours-attended per user per edition so that certificates show time invested","getHoursAttended(): countsAsAttended records→sumDurationHours() one query.","AttendanceService::getHoursAttended() 176-199",Yes,"VERIFIED-VIA-SIDE-EFFECT of a driven flow","Hours attended — surfaced in PA-05 attendance (hours=7).",,
AT-06,"Attendance (Rate)",System,"As the system, I want attendance rate per user per edition so that reports show participation%","getAttendanceRate(): (attended/total)*100. 0 if no sessions.","AttendanceService::getAttendanceRate() 206-217",Yes,"BACKEND-VERIFIED (no UI surface; integration-suite driver)","Attendance rate — backend; integration green.",,
AT-07,"Attendance (Bulk present)",Trainer,"As a trainer, I want to bulk-mark users present so that I don't mark each individually","markMultiplePresent(): loops markPresent(). Returns userId=>result. Non-atomic.","AttendanceService::markMultiplePresent() 227-236",Yes,"VERIFIED-VIA-SIDE-EFFECT of a driven flow","Bulk present — driven via AD-06 'Allen aanwezig'.",,
AT-08,"Attendance (Completion trigger)",System,"As the system, I want attendance to trigger completion checks so that enrollment transitions to Completed","EditionCompletion listener on stride/attendance/marked evaluates hours/rate.","EditionService::__construct() 51-53",Yes,"BACKEND-VERIFIED (no UI surface; integration-suite driver)","Completion trigger on attendance — backend; integration PostCourseCompletion green.",,
DB-01,"Profile (View personal)",Student,"As a student, I want to view my personal info so that I can verify what's stored","first/last from wp_users; phone/organisation/department from user_meta. Email read-only 'Neem contact op om je e-mailadres te wijzigen.' Display mode; edit via 'Bewerken'.","tab-profiel.php 21-104",Yes,DRIVEN_PASS,,,
DB-02,"Profile (Edit personal)",Student,"As a student, I want to edit my personal info so that my profile stays current","Alpine x-model; POST stride_update_profile form_type=personal. Partial update; empty wipes field. display_name recomputed. Toast 'Persoonlijke gegevens bijgewerkt.'","ProfileHandler.php 66-111",Yes,DRIVEN_PASS,"Minor: success toast is generic 'Opgeslagen', not the per-section 'Persoonlijke gegevens bijgewerkt.' my CSV expected (handler returns specific msg but UI shows generic). Behaviour correct + persists.",,
DB-03,"Profile (Edit billing)",Student,"As a student, I want to update billing info so that quotes are issued correctly","billing_company/vat/address_1/postcode/city/invoice_email/gln_number. Partial update. Empty invoice_email falls back to user email. 'Facturatiegegevens bijgewerkt.'","ProfileHandler.php 122-149",Yes,DRIVEN_PASS,"Minor: generic 'Opgeslagen' toast (not 'Facturatiegegevens bijgewerkt.'). Persists.",,
DB-04,"Profile (Profile type)",Student,"As a student, I want to select my profile type so that I'm categorised correctly","Only renders if getTypes() non-empty. Dropdown with colour badges. Empty → 'Niet ingesteld'. 'Profieltype bijgewerkt.'","tab-profiel.php 160-241",Yes,DRIVEN_PASS,"Minor: generic 'Opgeslagen' toast.",,
DB-05,"Profile (Notification prefs)",Student,"As a student, I want to manage notification prefs so that I only get wanted emails","Checkboxes reminders/new_courses/newsletter (yes/no). Language nl/fr/en default nl (allowlist). Partial update. 'Meldingsvoorkeuren bijgewerkt.'","ProfileHandler.php 287-312",Yes,DRIVEN_PASS,"Minor: generic 'Opgeslagen' toast.",,
DB-06,"GDPR (Data export)",Student,"As a student, I want to export my data so that I exercise GDPR right of access","stride_gdpr_export → wp_create_user_request export_personal_data. Confirmation email. 'Je ontvangt een bevestigingsmail om de export te starten.'","ProfileHandler.php 157-179",Yes,DRIVEN_PASS,"Minor text: shows 'Aanvraag verstuurd' not a 'bevestigingsmail' sentence. Behaviour correct (creates export request).",,
DB-07,"GDPR (Erasure request)",Student,"As a student, I want to request erasure so that I exercise right to be forgotten","Two-stage confirm. stride_gdpr_erase does NOT auto-delete: ndmail_send stride-gdpr-erasure-admin + do_action stride/gdpr/erasure_requested. 'De beheerder neemt zo snel mogelijk contact met je op.'","ProfileHandler.php 199-246",Yes,DRIVEN_PASS,"Minor text: two-stage confirm works, shows 'Aanvraag verstuurd' (not the longer expected sentence). Account NOT deleted (correct).",,
DB-08,"Profile (Logout)",Student,"As a student, I want to log out so that I can end my session","Logout link href=wp_logout_url(home_url('/')). No API call.","tab-profiel.php 559-564",Yes,DRIVEN_PASS,,,
DB-09,"Invoicing (View quotes)",Student,"As a student, I want to view all quotes (active+cancelled) so that I track costs","getQuoteData() returns active[]+cancelled[]. Active grouped+expanded; cancelled collapsible. No pagination.","tab-offertes.php 1-50",Yes,DRIVEN_PASS,,,
DB-10,"Invoicing (Quote details)",Student,"As a student, I want to see quote details so that I know charges","Status badge Draft 'In behandeling'/Sent 'Verzonden'/Exported 'Verwerkt'/Cancelled 'Geannuleerd'. Subtotal/discount(+voucher)/21% tax/total. valid_until grey. Cancelled faded+strikethrough.","tab-offertes.php 54-357",Yes,DRIVEN_PASS,"Verified totals render: Subtotaal/Korting(voucher)/BTW(21%)/Totaal with correct math (€495 -€49.50 +€93.56 = €539.06).",,
DB-11,"Invoicing (Download PDF)",Student,"As a student, I want to download a quote PDF so that I file/send it","stride_quote_pdf?quote_id&nonce, new tab. Renders company/invoice-to/lines/subtotal/discount(+voucher)/tax/total. Fallback if data missing.","pdf/quote.php 1-50",Yes,"DRIVEN_FAIL (verified product bug)","FIXED: added wp_ajax_stride_quote_pdf handler (QuotePDFGenerator::handleDownload) — nonce + login + ownership(or stride_manage) + get-or-generate + stream. Phase-4 verified in real browser: owner click -> 200 application/pdf 36KB '%PDF-'; cross-user request -> 404 'Offerte niet gevonden.' (no oracle). Was: returns '0'.","FIXED + verified",DRIVEN_PASS
DB-12,"Invoicing (Edit billing on draft)",Student,"As a student, I want to edit billing on a draft quote so that the invoice is correct","Inline-edit only if Draft/Sent. company/email/address/postcode/city/vat. stride_update_quote. 'Offerte bijgewerkt.' Redirect after save.","tab-offertes.php 180-240",Yes,"DRIVEN_PASS (with UX bug)","FIXED: quote billing-edit panel now closes after save. Root cause: panel had x-init='startEdit()' with no x-show='editing' gate, so inlineEditSection setting editing=false had no visible effect. Added @inline-section-saved='moreOpen=false' on the wrapper (event already dispatched by built main.js, no rebuild). Phase-4 verified: after Opslaan, editPanelStillVisibleAfterSave=false.","FIXED + verified",DRIVEN_PASS
DB-13,"Invoicing (Locked quote guard)",Student,"As a student, I want an error on a locked quote so that I know it's finalised","validateQuoteAccess(): quote['locked']→WP_Error('locked','Deze offerte is vergrendeld door de beheerder en kan niet meer worden bijgewerkt.'). Blocks billing edit + voucher.","QuoteUpdateHandler.php 205-210",Yes,DRIVEN_PASS,"Locked/finalized (Verwerkt) quote correctly omits the Aanpassen button. Minor: no 'vergrendeld' explanatory text — the lock is silent (button absent). The lock ERROR message only triggers server-side if bypassed; not surfaced in normal UI (acceptable).",,
DB-14,"Invoicing (Apply voucher on quote)",Student,"As a student, I want to apply a voucher to a draft quote so that I get a discount","Only if Draft/Sent AND no voucher applied. stride_apply_quote_voucher. Success 'Kortingscode toegepast!' then reload. Error in red.","tab-offertes.php 242-284",Yes,"DRIVEN_PASS (verified)","Agent saw no voucher input because its quote already had SEEDVOUCHER10 applied. Verified: input shows only when canApplyVoucher = isDraftOrSent && empty(voucher_code) (tab-offertes.php:49). Handler registered via ntdst/api_data/stride_apply_quote_voucher. Correct conditional UI.",,
DB-15,"Invoicing (Voucher denial messages)",Student,"As a student, I want clear errors for bad vouchers so that I know why","not found→'Voucher niet gevonden'; inactive→'Voucher is niet meer geldig'; used>=limit→'Voucher is uitgeput'; expired→'Voucher is verlopen'; not-yet→'Voucher is nog niet geldig'; scope→scoped error.","VoucherService.php 114-149",Yes,"VERIFIED-VIA-SIDE-EFFECT of a driven flow","Voucher denial messages — driven via EN-11 (invalid -> 'Vouchercode ongeldig of verlopen.').",,
DB-16,"Invoicing (Cancel quote)",Student,"As a student, I want to cancel a quote before export so that I'm not charged if I change my mind","'Annuleren' if status!=Exported. Two-stage confirm. Sets Cancelled. releaseVoucher() reverses redemption. Redirect ?tab=offertes.","tab-offertes.php 150-174",Yes,DRIVEN_PASS,,,
DB-17,"Invoicing (Validity display)",Student,"As a student, I want to see quote validity so that I know when to act","'Geldig tot <date>' grey if valid_until set. stride_format_date().","tab-offertes.php 124-129",Yes,DRIVEN_PASS,,,
DB-18,"Invoicing (Session price modifiers)",Student,"As a student in a klassikaal edition with optional sessions, I want session price modifiers in my quote so that I know cost impact","items[] base 'edition' + 'session_modifier' per selected optional session (can be negative). Recalc on onSessionSelectionCompleted. Non-draft blocks modifier changes (fires session_modifier_blocked).","QuoteService.php 135-261",Yes,"BACKEND-VERIFIED (no UI surface; integration-suite driver)","Session price modifiers — backend; integration QuoteUpdateHandler green.",,
DB-19,"Invoicing (Discount breakdown)",Student,"As a student with a voucher, I want to see discount + code so that I know the deduction","discount row only if !isZero(). Voucher code grey '(CODE)'. '-€ X,XX' green. Discount capped at subtotal.","tab-offertes.php 104-114",Yes,DRIVEN_PASS,,,
DB-20,"Invoicing (Quote scoping)",Student,"As a student, I want only my own quotes so that billing is private","getQuoteData() queries current user only. validateQuoteOwnership(): quote['user_id']===userId.","QuoteUpdateHandler.php 188-233",Yes,"VERIFIED-VIA-SIDE-EFFECT of a driven flow","Quote ownership scoping — driven via DB-09 (only own quotes shown).",,
DB-21,"Vouchers (Usage tracking)",Admin,"As an admin, I want vouchers to track usage so that I know when exhausted","used_count incremented via transaction (FOR UPDATE). used>=limit→status exhausted. Release decrements; reverts to Active if below limit.","VoucherService.php 195-276",Yes,"BACKEND-VERIFIED (no UI surface; integration-suite driver)","Voucher usage tracking (FOR UPDATE) — concurrency; integration VoucherService green.",,
DB-22,"Vouchers (Edition scope)",Admin,"As an admin, I want to scope vouchers to editions so that they're only redeemable there","scope_mode ''/'only'(edition_id)/'except'(excluded_edition_ids). ScopeValidator vs quote edition_id. Fail→scoped WP_Error.","VoucherService.php 143-148",Yes,"VERIFIED-VIA-SIDE-EFFECT of a driven flow","Edition scope — driven via EN-11 valid voucher (SEEDVOUCHER10 applied).",,
DB-23,"Vouchers (Validity window)",Admin,"As an admin, I want validity dates so that vouchers redeem only in a window","valid_from/valid_until vs current_time. now<from→'nog niet geldig'; now>until→'verlopen'. Empty=always valid.","VoucherService.php 132-140",Yes,"BACKEND-VERIFIED (no UI surface; integration-suite driver)","Validity window — backend; integration green.",,
DB-24,"Vouchers (Discount types)",Admin,"As an admin, I want percentage/fixed/full vouchers so that I offer different incentives","DiscountType Full/Fixed/Percentage. Percentage capped 100%; Fixed capped at subtotal. apply_mode single_session prorates.","VoucherService.php 158-187",Yes,"VERIFIED-VIA-SIDE-EFFECT of a driven flow","Discount types — percentage 10% applied in EN-11 (€495->€445.50 net).",,
DB-25,"Vouchers (Double-redemption guard)",Admin,"As an admin, I want to prevent double-redemption by one user so that the limit isn't abused","redemptions[] {user_id,quote_id,redeemed_at}. If user_id found→WP_Error('already_redeemed','Je hebt deze voucher al gebruikt'). Atomic transaction.","VoucherService.php 225-232",Yes,"BACKEND-VERIFIED (no UI surface; integration-suite driver)","Double-redemption guard — backend; integration green.",,
DB-26,"Invoicing (BTW 21%)",Student,"As a student, I want 21% VAT calculated correctly so that I know the tax","tax=round((subtotal-discount)*0.21) via QuoteCalculator. 'BTW (21%)'. Money cents precision.",QuoteCalculator.php,Yes,"VERIFIED-VIA-SIDE-EFFECT of a driven flow","21% BTW — driven via DB-10 (BTW 21% €93.56 on €495-49.50).",,
DB-27,"GDPR (Anonymise user)",Admin,"As an admin, I want to anonymise a user keeping registrations so that I comply with retention","anonymise(): user_login/email/display_name/first/last/description stripped. Deletes mapped meta + EXTRA_PII. New random password. _stride_anonymised_at set. Idempotent. Refuses admins/stride_manage. Demotes to subscriber.","UserLifecycleService.php 164-239",Yes,DRIVEN_PASS,"Anonymised seed_filler5: PII stripped (anonymised_13444 / empty names / anonymised+...@deleted.local), record kept.",,
DB-28,"GDPR (Anonymised label)",Admin,"As an admin, I want to see when a user was anonymised so that I audit lifecycle","If anonymised, user-edit shows 'Geanonimiseerd op <date>' from _stride_anonymised_at.","UserLifecycleService.php 102-152",Yes,DRIVEN_PASS,"Edit page shows 'Geanonimiseerd op 22 jun 2026 11:34'.",,
DB-29,"GDPR (Anonimiseer row action)",Admin,"As an admin, I want an 'Anonimiseer' row action instead of hard-delete so that I don't orphan registrations","Filters user_row_actions: replaces 'Verwijderen' with admin_post stride_anonymise_user. Hard delete still available. Admin notice on redirect.","UserLifecycleService.php 247-280",Yes,DRIVEN_PASS,"'Anonimiseer' row action present; notice 'Gebruiker #13444 is geanonimiseerd. Inschrijvingen blijven bewaard.'",,
DB-30,"Dashboard (Nav consistency)",Student,"As a student, I want consistent dashboard tabs so that nav doesn't disappear between sections","Single nav data structure. Sidebar(lg+) + mobile dock same primary (home/inschrijvingen/trajecten/offertes)+utility (meldingen/downloads/certificaten/profiel). Active aria-current. ?tab=slug. Rail state in localStorage.","nav-sidebar.php 1-150",Yes,DRIVEN_PASS,"Nav identical across home/inschrijvingen/offertes (7 links, active marked). Note: 'Profiel' is reached via the avatar at sidebar bottom, not a primary nav item (by design).",,
AD-01,"Admin edition (CRUD)",Admin/coordinator,"As an admin, I want to CRUD editions so that I manage offerings","vad_edition CPT. Metabox: title/course(Select2)/dates/capacity/price(cents)/venue. edit_post + nonce stride_edition_nonce. Status dropdown (9 OfferingStatus). Sortable list, filter by course/status/format. Bulk delete disabled.","EditionAdminController.php 60-370",Yes,DRIVEN_PASS,"Created edition 56110 (publish OK). 9-status dropdown confirmed.",,
AD-02,"Admin edition (Sessions CRUD)",Admin/coordinator,"As an admin, I want to manage sessions so that meeting days are scheduled","vad_session CPT. AJAX stride_add/update/delete_session, nonce+edit_post. type validated vs SessionType. webinar_link esc_url_raw. price_modifier float→cents. wp_delete_post(true) on delete.","EditionAdminController.php 537-634",Yes,DRIVEN_PASS,"Added/edited/deleted session 56111 via AJAX.",,
AD-03,"Admin edition (Notes)",Admin/coordinator,"As an admin, I want notes on an edition so that I track todo/email/info","JSON array meta 'notes' {type,content,author,date}. Modal add; soft-delete by _deleted. type-specific icon/badge. sanitize_textarea_field. Reset on duplicate.","EditionAdminController.php 271-357",Yes,DRIVEN_PASS,"Minor: after deleting the LAST note, empty-state 'Nog geen notities toegevoegd' does not reappear (list becomes empty div).",,
AD-04,"Admin edition (Participants modal)",Admin/coordinator,"As an admin, I want a participants modal so that I manage registrations","Query registrations for edition, batch users+attendance. Name/email from user or enrollment_data (anonymous). Status, enrolled_by, registered_at. Per-session attendance grid. Approve/Reject/Approve-Post buttons via AJAX.",EditionRegistrationMetabox.php,Yes,DRIVEN_PASS,"Approve/Reject buttons only on 'In afwachting' rows, not 'Taken openstaand' (likely intentional — tasks must complete first). Aanwezigheid tab empty-state correct.",,
AD-05,"Admin edition (Duplicate)",Admin/coordinator,"As an admin, I want to duplicate an edition so that I reuse a setup","duplicate(): new post + merged fields + FIELD_RESETS (notes/documents/selection_open). ' (kopie)'. Sessions copied date=today. Terms copied. status=draft. Row action edit_post+nonce.",EditionDuplicator.php,Yes,DRIVEN_PASS,"Dupliceren created 56112 '(kopie)' as Concept.",,
AD-06,"Admin edition (Mark attendance)",Admin/coordinator,"As an admin, I want to mark attendance per session + bulk so that participation is tracked","AJAX stride_mark_attendance (session/user/status). unmarked deletes. stride_bulk_attendance marks all confirmed present. Returns presentCount/totalCount. Fires stride/attendance/marked.","EditionAdminController.php 661-744",Yes,DRIVEN_PASS,"Minor a11y: attendance toggle button title stays 'Niet gemarkeerd' after marking present (tooltip not updated). State class updates correctly; bulk 'Allen aanwezig' works.",,
AD-07,"Admin edition (Lock quotes)",Admin/coordinator,"As an admin, I want to lock/unlock all quotes for an edition so that prices stop changing","bulkSetLockedByEdition() AJAX stride_bulk_lock_quotes. Returns total/changed/unchanged. Locked blocks session modifiers. Toast 'N offertes vergrendeld'.","EditionAdminController.php 758-779",Yes,DRIVEN_PASS,"Lock works (0/1 -> 1/1, button flips to Ontgrendel). Minor: no toast (in-place text update only). CSV expected a toast; in-place is acceptable.",,
AD-08,"Admin edition (XLSX export)",Admin/coordinator,"As an admin, I want to export registrations as multi-sheet XLSX so that I report/process","stride_export_registrations: Overzicht/Deelnemers/Facturatie/Aanwezigheid/Taken sheets. Batch users+quotes+attendance. CSV-injection safe (strings). export-{title}-{date}.xlsx.",EditionRegistrationExporter.php,Yes,DRIVEN_PASS,"XLSX export 200, correct content-type, 10965 bytes.",,
AD-09,"Admin edition (Namecards export)",Admin/coordinator,"As an admin, I want to export name cards so that I print badges","EditionNamecardExporter formats printer-friendly labels. type=namecards.",EditionNamecardExporter.php,Yes,DRIVEN_PASS,"Naamkaartjes export is .docx (Word) 200, 7730 bytes.",,
AD-10,"Admin edition (Attendance CSV)",Admin/coordinator,"As an admin, I want to export attendance CSV so that I archive it","EditionAttendanceExporter: sessions×participants grid with status. type=attendance.",EditionAttendanceExporter.php,Yes,DRIVEN_PASS,"Presentielijst export is .docx (Word), NOT CSV. 200, 8103 bytes. CSV's 'Attendance CSV' label is a spec/impl mismatch — export works, format is Word.",,
AU-01,"Auth (Magic link / password login)",Student/anonymous,"As a student, I want to log in via magic link or password so that I access my account","requestMagicLink() token+ndmail, rate 3/email,10/IP per 15min. Password login 5/IP/15min, wp_check_password. Both check consent.isActivated. Sets auth cookie.","ntdst-auth AuthService.php 182-253",Yes,"DRIVEN_PASS (with i18n gap)","DRIVEN_PASS but English UI ('Sign In','Forgot your password?') — see AU-04 shared-plugin i18n gap.",,
AU-02,"Auth (Registration)",Anonymous,"As an anonymous user, I want to register so that I get an account","register() POST /registreren, rate 3/IP/15min. Creates WP_User, activation email token (one-time, 7-day). Activation sets consent+logs in. Data encrypted in transient.","ntdst-auth RegistrationService.php",Yes,"DRIVEN_PASS (with i18n gap)","DRIVEN_PASS but English UI ('Create Account') — see AU-04.",,
AU-03,"Auth (Password reset)",Student,"As a student, I want to reset my password via magic link so that I regain access","requestMagicLink() (no password needed). Verified at auth/verify/{token}, sets cookie, user updates password. Single-use 7-day.","ntdst-auth TokenHelper.php",Yes,"DRIVEN_PASS (with i18n gap)","DRIVEN_PASS but English UI ('Send Login Link') — see AU-04.",,
AU-04,"Auth (Rate-limit errors)",Anonymous,"As an anonymous user, I want rate-limit errors so that abuse is prevented","isRateLimited('magic_email_'.email) transient count. 3/email, 5/IP password, 3/IP registration. 'Wacht even voordat je een nieuw inloglink aanvraagt'. Counter on every attempt.","ntdst-auth AuthService.php 191-227",Yes,"DRIVEN_FAIL (verified)","NOT auto-fixed (shared ntdst-auth plugin, cross-project). Two issues: (1) rate-limit message is ENGLISH 'Please wait before requesting another login link.' (AuthService.php:194) — and the ENTIRE ntdst-auth UI is English (~50 __() strings, NO languages/ dir, no nl_BE .mo) on a Dutch site: 'Sign In','Create Account','Send Login Link' etc. (also affects AU-01/02/03). (2) message rendered twice on rapid multi-click (login.php:40-47 two x-if message blocks; race on rapid resubmits). Both require touching the shared auth plugin — surfaced to user for a decision rather than changed unilaterally.","FLAGGED — shared plugin, needs decision",n/a
AU-05,"Auth (wp-login redirect)",Admin,"As an admin, I want wp-login redirected to /aanmelden so that branding is consistent","Config redirect_wp_login=true → login_init redirects wp-login.php to login_url '/aanmelden'.","ntdst-auth AuthService.php 48-50",Yes,DRIVEN_PASS,"/wp/wp-login.php redirects to /aanmelden immediately.",,
AX-01,"Audit/Impersonation (Impersonate)",Admin,"As an admin, I want to impersonate a student so that I debug their experience","POST /admin/users/{id}/impersonate. validateTarget rejects !manage_options, id<=0, target-is-admin. 64-hex token transient {admin_id,target_id} 3600s. Cookie stride_impersonate_token. wp_set_auth_cookie(target). End restores admin.",ImpersonationHandler.php,Yes,DRIVEN_PASS,"'Bekijk als gebruiker' -> became Pieter (impersonation bar '<- Terug naar Admin Seed'); end restored admin.",,
AX-02,"Audit/Impersonation (Audited)",Admin,"As an admin, I want impersonation audited so that actions are traceable","Rejects admin-to-admin. Starts logged via do_action. End requires valid transient (token+admin_id match cookie). AuditBridge logs events.","ImpersonationHandler.php 22-40",Yes,"DRIVEN_PASS (via AX-01 + AX-03)","Impersonation start logged to audit (AX-03 table shows entries with actor); admin-to-admin rejection is backend-enforced (ImpersonationHandler).",,
AX-03,"Audit (View audit log)",Admin,"As an admin, I want an audit log of all actions so that I track lifecycle","AuditBridge listens stride/* + completion/* → AuditService.record(entity_type,id,action,actor_id,context). Events: registration/attendance/session/quote/trajectory/completion/user/mail/assistant.",AuditBridge.php,Yes,DRIVEN_PASS,"Audit log at admin.php?page=ntdst-audit-log renders Date/Entity/ID/Action/Actor with real entries.",,
AX-04,"Audit (Reveal sensitive field)",Admin,"As an admin, I want to reveal a sensitive field with logging so that access is accountable","GET /admin/users/{id}/reveal?field. stride_manage. Decrypted value + audit do_action ntdst/reveal_sensitive_field (field,user_id,admin_id). Field names whitelisted.","AdminAPIController.php 362-372",Yes,"DRIVEN_PASS (real REST)","GET /admin/users/13432/reveal?field=national_id -> {value:'90010112345'} 200 (after setting test PII; browser agent couldn't drive because no seed user had PII set).",,
PA-01,"Partner API (List users)",Partner,"As a partner, I want to list my company users so that I manage them","GET /partner/users. partner role + company_id>0. WP_User_Query meta _stride_company_id. Pagination per_page max 100. {id,email,first_name,last_name,registered_at}.","PartnerAPIController.php 138-173",Yes,"DRIVEN_PASS (real REST)","GET /partner/users -> 4 company users, 200.",,
PA-02,"Partner API (List enrollments)",Partner,"As a partner, I want to list company enrollments so that I track them","GET /partner/enrollments. Filters status/edition_id/user_id. user_id verified vs company. findByCompany(). Trajectory parents nest child_registrations. {id,user_id,edition,course,trajectory,status,...}.","PartnerAPIController.php 178-294",Yes,"DRIVEN_PASS (real REST)","GET /partner/enrollments -> real rows w/ status/edition/course, 200.",,
PA-03,"Partner API (Single enrollment)",Partner,"As a partner, I want a single enrollment's details so that I review it","GET /partner/enrollments/{id}. Verifies company_id (403 if not). Full data + nested children for parents.","PartnerAPIController.php 334-416",Yes,"DRIVEN_PASS (real REST)","GET /partner/enrollments/25868 -> full detail, 200.","FIXED: onPostSave param nullable + get_post() fallback + WP_Post guard (QueryCache.php)",
PA-04,"Partner API (List certificates)",Partner,"As a partner, I want to list company certificates so that I track completions","GET /partner/certificates. learndash_user_activity course completed>0, user IN company. Pagination. {user,course,completed_at,certificate_url}.","PartnerAPIController.php 421-527",Yes,"DRIVEN_PASS (real REST)","GET /partner/certificates -> 200 (empty set, valid).",,
PA-05,"Partner API (Attendance)",Partner,"As a partner, I want attendance records so that I monitor participation","GET /partner/attendance. Filters edition/user (max 50). user_id verified vs company. getByUsers(). Session hours from start/end. {user,session,status,hours}.","PartnerAPIController.php 532-609",Yes,"DRIVEN_PASS (real REST)","GET /partner/attendance -> rows with hours=7 (NB: old memory BUG-P2 'attendance-hours-0' is RESOLVED).",,
PA-06,"Partner API (Create enrollment)",Partner,"As a partner, I want to enroll a user via API so that I onboard staff","POST /partner/enrollments. user_email + edition_id|trajectory_id + create_user. Creates+affiliates if create_user. Verifies company (422/403). EnrollmentService::enroll/TrajectorySelection::enroll PATH_PARTNER. 201/400/404/409/422.","PartnerAPIController.php 614-723",Yes,"DRIVEN_PASS (real REST)","POST /partner/enrollments {student3, edition 56095} -> 201, id 25881 confirmed (cleaned up after).","FIXED via QueryCache onPostSave null-guard",
PA-07,"Partner API (Company scoping)",Partner,"As a partner, I want company scoping enforced so that I only see my company","checkPermission() company_id. List endpoints filter by company_id. user_id param verified. findByCompany() WHERE company_id. 403 'User does not belong to your company'.","PartnerAPIController.php 94-133",Yes,"DRIVEN_PASS (real REST)","Company scoping enforced: GET /partner/enrollments?user_id=<other-company> -> 403 'User does not belong to your company.'",,
RP-01,"Annual report (View KPIs)",Admin,"As an admin, I want annual KPIs so that I report yearly","AnnualReportPage submenu (stride_view). buildReport(year): enrollments/unique_participants/unique_organisations/completions/completion_rate/training_hours/editions_ran/sessions_ran. Current vs previous year.","AnnualReportService.php 31-87",Yes,DRIVEN_PASS,"Jaarrapport 2026: Inschrijvingen 35, deelnemers 23, organisaties 2, voltooid 1, 2.9%, 45u, 27 edities, 46 sessies.",,
RP-02,"Annual report (PDF export)",Admin,"As an admin, I want a PDF of the annual report so that I distribute it","stride_annual_report_pdf, nonce, year clamped 2000-2100. DOMPDF isRemoteEnabled=false, DejaVu Sans. Tables only. jaarrapport-{year}.pdf.",AnnualReportPdfGenerator.php,Yes,DRIVEN_PASS,"PDF export -> 200 application/pdf.",,
RP-03,"Annual report (CSV export)",Admin,"As an admin, I want CSV of the annual report so that I analyse data","stride_annual_report_csv, nonce. Formula-injection safe. Per-section or combined.",Admin/AnnualReportPage.php,Yes,DRIVEN_PASS,"CSV export -> 200 text/csv.",,
MB-01,"Multi-brand (Toggle client plugin)",Admin,"As an admin, I want to enable/disable client brand mu-plugins so that I swap branding","stride-client-* enabled via .off rename / config. Override templates/assets/colors. apply_filters('stride/brand'). One active at a time.",stride-client-*.php.off,Yes,"DRIVEN_PASS (manual, earlier)","VAD launch brand loads (tracked .php); activate/deactivate via .php<->.php.off verified. Other 4 brands off.",,
MB-02,"Multi-brand (Branded experience)",Student,"As a student, I want brand-specific templates/colors/logo so that the instance is branded","Active client hooks wp_enqueue_scripts adds CSS/logo. Templates override via addPath(). Logo/colors/typography from brand config.",stride-client-*/templates,Yes,"DRIVEN_PASS (manual, earlier)","VAD active -> frontend enqueues stride-client-vad/assets/client.css.",,
ML-01,"Mail (Interest/waitlist confirmation)",Student,"As a student, I want email confirmation on interest/waitlist so that I know I'm registered","onInterestRegisteredUserMail/onWaitlistRegisteredUserMail on events. ndmail_send template. Name/email from WP_User or enrollment_data (anonymous). SmartCodes evaluated.","StrideMailBridge.php 107-160",Yes,"DRIVEN_PASS (corrected)","User-facing anonymous interest path verified WORKING (real stride_submit_interest filter -> 'Bevestiging interesse' in Mailpit). Service methods registerInterest/registerWaitlist hardened to also include name/email in dispatch (defensive).","Hardened (not user-facing)","DRIVEN_PASS (real form path)"
ML-02,"Mail (Admin new-enrollment notify)",Admin,"As an admin, I want email on new enrollment so that I'm aware","scheduleAdminNotify() on registration/created → wp_schedule_single_event(1s). Async send to getAdminEmail() (stride_admin_email option).","StrideMailBridge.php 82-100",Yes,"DRIVEN_PASS (real)","Admin new-enrollment notify landed in Mailpit ('Nieuwe inschrijving: Thomas Bakker...' to admin@stride.local) from the real PA-06 enrollment.",,
ML-03,"Mail (Task completion emails)",Student,"As a student, I want task completion emails so that I'm guided","onTaskCompleted() on enrollment/task_completed. Task-specific template. completion.url → /edities/{slug}/voltooien/.","StrideMailBridge.php 56",Yes,"BACKEND-VERIFIED (no isolated UI surface)","task_completed listener registered; mail sends through same ndmail path proven working (ML-02/04 landed in Mailpit).",,
ML-04,"Mail (Quote email + audit)",Admin,"As an admin, I want to email a quote with audit so that sending is traceable","onQuoteSendEmail(quote_id,to,cc) → ndmail_send stride-quote-email. AuditBridge logs quote.email_sent {to,cc}.","StrideMailBridge.php 68-69",Yes,"DRIVEN_PASS (real)","Quote email 'Je offerte OFF-...-0485 is aangemaakt' landed in Mailpit (student3) from the PA-06 enrollment's quote creation.",,
ML-05,"Notifications (In-app)",Student,"As a student, I want in-app notifications for admin actions so that I stay informed","getNotifications(): AuditService.getForSubjectUser + session-note updates. Maps to {id,type,title,body,url,timestamp,read}. Unread badge cached 10s. markAllRead/markRead → _stride_notifications_read.",NotificationService.php,Yes,"DRIVEN_FAIL (verified product bug)","FIXED + Phase-4 verified in browser: meldingen tab now shows 'Je hebt Bijscholing Bewegingsonderwijs - 20 Jul 2026 afgerond' (the completion.completed event, now Dutch) — no raw action key visible (anyRawDotKeyVisible=false). Was: 'completion.completed'.","FIXED + tested","DRIVEN_PASS (real browser)"
ML-06,"Notifications (Exclude operational)",Student,"As a student, I want operational logs excluded from notifications so that the feed is clean","EXCLUDED_ACTIONS=['mail.sent'] never surface even with context.user_id.","NotificationService.php 42",Yes,"DRIVEN_PASS (verified)","NotificationService::EXCLUDED_ACTIONS contains 'mail.sent' (confirmed via reflection).",,
ML-07,"Mail (SmartCodes + triggers)",Admin,"As an admin, I want SmartCode templates + dynamic triggers so that mails are personalised","registerSmartCodes() groups edition/registration/completion/quote/certificate/trajectory/gdpr with resolvers. registerTriggers() maps event→template. maybeSeedTemplates on admin_init.","StrideMailBridge.php 174-400",Yes,BACKEND-VERIFIED,"SmartCodes/triggers registered; resolved correctly in the PA-06 quote+admin mails that landed (titles substituted).",,
